eval/num_timesteps:16384;eval/mrr_mean:0.9041666666666667;eval/auc_pr:0.9041666666666667;eval/mean_ep_length_pos_true:4.619047619047619;eval/std_ep_length_pos_true:2.3999244130198387;eval/mean_ep_length_pos_false:13.333333333333334;eval/std_ep_length_pos_false:4.714045207910316;eval/mean_ep_length_neg_true:10.555555555555555;eval/std_ep_length_neg_true:6.881716696534232;eval/mean_ep_length_neg_false:17.42528735632184;eval/std_ep_length_neg_false:4.422076757413967;eval/success_rate:0.3125;eval/reward_count_total:96;eval/count_ep_length_total:96;eval/reward_mean_overall:0.1588541716337204;eval/reward_std_overall:0.5672482252120972;eval/mean_ep_length:13.979166984558105;eval/std_ep_length:6.958177089691162;eval/reward_mean_pos:0.7916666865348816;eval/reward_std_pos:0.5758447647094727;eval/reward_count_pos:24;eval/mean_ep_length_pos:5.708333492279053;eval/std_ep_length_pos:4.015378475189209;eval/count_ep_length_pos:24;eval/reward_mean_neg:-0.0520833320915699;eval/reward_std_neg:0.37485530972480774;eval/reward_count_neg:72;eval/mean_ep_length_neg:16.73611068725586;eval/std_ep_length_neg:5.364474296569824;eval/count_ep_length_neg:72;eval/reward_depth_1_pos_mean:0.699999988079071;eval/reward_depth_1_pos_std:0.6403124332427979;eval/reward_depth_1_pos_count:10;eval/reward_depth_2_pos_mean:0.8333333134651184;eval/reward_depth_2_pos_std:0.5527707934379578;eval/reward_depth_2_pos_count:12;eval/reward_depth_3_pos_mean:1.0;eval/reward_depth_3_pos_std:0.0;eval/reward_depth_3_pos_count:1;eval/reward_depth_4_pos_mean:1.0;eval/reward_depth_4_pos_std:0.0;eval/reward_depth_4_pos_count:1;eval/reward_depth_unknown_neg_mean:-0.0520833320915699;eval/reward_depth_unknown_neg_std:0.37485530972480774;eval/reward_depth_unknown_neg_count:72;eval/len_depth_1_pos_mean:5.0;eval/len_depth_1_pos_std:5.531726837158203;eval/len_depth_1_pos_count:10;eval/len_depth_2_pos_mean:5.666666507720947;eval/len_depth_2_pos_std:1.9720265865325928;eval/len_depth_2_pos_count:12;eval/len_depth_3_pos_mean:9.0;eval/len_depth_3_pos_std:0.0;eval/len_depth_3_pos_count:1;eval/len_depth_4_pos_mean:10.0;eval/len_depth_4_pos_std:0.0;eval/len_depth_4_pos_count:1;eval/len_depth_unknown_neg_mean:16.73611068725586;eval/len_depth_unknown_neg_std:5.364474296569824;eval/len_depth_unknown_neg_count:72;eval/proven_depth_1_pos_mean:0.800000011920929;eval/proven_depth_1_pos_std:0.4000000059604645;eval/proven_depth_1_pos_count:10;eval/proven_depth_2_pos_mean:0.9166666865348816;eval/proven_depth_2_pos_std:0.2763853967189789;eval/proven_depth_2_pos_count:12;eval/proven_depth_3_pos_mean:1.0;eval/proven_depth_3_pos_std:0.0;eval/proven_depth_3_pos_count:1;eval/proven_depth_4_pos_mean:1.0;eval/proven_depth_4_pos_std:0.0;eval/proven_depth_4_pos_count:1;eval/proven_depth_unknown_neg_mean:0.125;eval/proven_depth_unknown_neg_std:0.33071890473365784;eval/proven_depth_unknown_neg_count:72;eval/proven_pos_mean:0.875;eval/proven_pos_std:0.33071890473365784;eval/proven_pos_count:24;eval/proven_neg_mean:0.125;eval/proven_neg_std:0.33071890473365784;eval/proven_neg_count:72
eval/num_timesteps:32640;eval/mrr_mean:0.892361111111111;eval/auc_pr:0.892361111111111;eval/mean_ep_length_pos_true:4.0;eval/std_ep_length_pos_true:1.8856180831641267;eval/mean_ep_length_pos_false:18.333333333333332;eval/std_ep_length_pos_false:3.72677996249965;eval/mean_ep_length_neg_true:10.9;eval/std_ep_length_neg_true:5.838664230798;eval/mean_ep_length_neg_false:17.593023255813954;eval/std_ep_length_neg_false:4.2518885187882525;eval/success_rate:0.2916666666666667;eval/reward_count_total:96;eval/count_ep_length_total:96;eval/reward_mean_overall:0.1276041716337204;eval/reward_std_overall:0.547240674495697;eval/mean_ep_length:14.416666984558105;eval/std_ep_length:6.838412761688232;eval/reward_mean_pos:0.7083333134651184;eval/reward_std_pos:0.5384519696235657;eval/reward_count_pos:24;eval/mean_ep_length_pos:7.583333492279053;eval/std_ep_length_pos:6.682793140411377;eval/count_ep_length_pos:24;eval/reward_mean_neg:-0.0659722238779068;eval/reward_std_neg:0.39085257053375244;eval/reward_count_neg:72;eval/mean_ep_length_neg:16.69444465637207;eval/std_ep_length_neg:5.168384075164795;eval/count_ep_length_neg:72;eval/reward_depth_1_pos_mean:0.800000011920929;eval/reward_depth_1_pos_std:0.4000000059604645;eval/reward_depth_1_pos_count:10;eval/reward_depth_2_pos_mean:0.6666666865348816;eval/reward_depth_2_pos_std:0.6236096024513245;eval/reward_depth_2_pos_count:12;eval/reward_depth_3_pos_mean:1.0;eval/reward_depth_3_pos_std:0.0;eval/reward_depth_3_pos_count:1;eval/reward_depth_4_pos_mean:0.0;eval/reward_depth_4_pos_std:0.0;eval/reward_depth_4_pos_count:1;eval/reward_depth_unknown_neg_mean:-0.0659722238779068;eval/reward_depth_unknown_neg_std:0.39085257053375244;eval/reward_depth_unknown_neg_count:72;eval/len_depth_1_pos_mean:6.0;eval/len_depth_1_pos_std:7.042726516723633;eval/len_depth_1_pos_count:10;eval/len_depth_2_pos_mean:8.0;eval/len_depth_2_pos_std:5.715476036071777;eval/len_depth_2_pos_count:12;eval/len_depth_3_pos_mean:6.0;eval/len_depth_3_pos_std:0.0;eval/len_depth_3_pos_count:1;eval/len_depth_4_pos_mean:20.0;eval/len_depth_4_pos_std:0.0;eval/len_depth_4_pos_count:1;eval/len_depth_unknown_neg_mean:16.69444465637207;eval/len_depth_unknown_neg_std:5.168384075164795;eval/len_depth_unknown_neg_count:72;eval/proven_depth_1_pos_mean:0.800000011920929;eval/proven_depth_1_pos_std:0.4000000059604645;eval/proven_depth_1_pos_count:10;eval/proven_depth_2_pos_mean:0.75;eval/proven_depth_2_pos_std:0.4330126941204071;eval/proven_depth_2_pos_count:12;eval/proven_depth_3_pos_mean:1.0;eval/proven_depth_3_pos_std:0.0;eval/proven_depth_3_pos_count:1;eval/proven_depth_4_pos_mean:0.0;eval/proven_depth_4_pos_std:0.0;eval/proven_depth_4_pos_count:1;eval/proven_depth_unknown_neg_mean:0.1388888955116272;eval/proven_depth_unknown_neg_std:0.3458305299282074;eval/proven_depth_unknown_neg_count:72;eval/proven_pos_mean:0.75;eval/proven_pos_std:0.4330126941204071;eval/proven_pos_count:24;eval/proven_neg_mean:0.1388888955116272;eval/proven_neg_std:0.3458305299282074;eval/proven_neg_count:72
eval/num_timesteps:48896;eval/mrr_mean:0.8972222222222221;eval/auc_pr:0.8972222222222221;eval/mean_ep_length_pos_true:4.333333333333333;eval/std_ep_length_pos_true:2.5166114784235836;eval/mean_ep_length_pos_false:18.333333333333332;eval/std_ep_length_pos_false:3.72677996249965;eval/mean_ep_length_neg_true:8.625;eval/std_ep_length_neg_true:4.328322423295196;eval/mean_ep_length_neg_false:17.272727272727273;eval/std_ep_length_neg_false:4.435720892336526;eval/success_rate:0.2708333333333333;eval/reward_count_total:96;eval/count_ep_length_total:96;eval/reward_mean_overall:0.1588541716337204;eval/reward_std_overall:0.5218154788017273;eval/mean_ep_length:14.104166984558105;eval/std_ep_length:6.755366802215576;eval/reward_mean_pos:0.7083333134651184;eval/reward_std_pos:0.5384519696235657;eval/reward_count_pos:24;eval/mean_ep_length_pos:7.833333492279053;eval/std_ep_length_pos:6.706132888793945;eval/count_ep_length_pos:24;eval/reward_mean_neg:-0.0243055559694767;eval/reward_std_neg:0.3636230528354645;eval/reward_count_neg:72;eval/mean_ep_length_neg:16.19444465637207;eval/std_ep_length_neg:5.327180862426758;eval/count_ep_length_neg:72;eval/reward_depth_1_pos_mean:0.800000011920929;eval/reward_depth_1_pos_std:0.4000000059604645;eval/reward_depth_1_pos_count:10;eval/reward_depth_2_pos_mean:0.6666666865348816;eval/reward_depth_2_pos_std:0.6236096024513245;eval/reward_depth_2_pos_count:12;eval/reward_depth_3_pos_mean:1.0;eval/reward_depth_3_pos_std:0.0;eval/reward_depth_3_pos_count:1;eval/reward_depth_4_pos_mean:0.0;eval/reward_depth_4_pos_std:0.0;eval/reward_depth_4_pos_count:1;eval/reward_depth_unknown_neg_mean:-0.0243055559694767;eval/reward_depth_unknown_neg_std:0.3636230528354645;eval/reward_depth_unknown_neg_count:72;eval/len_depth_1_pos_mean:6.0;eval/len_depth_1_pos_std:7.042726516723633;eval/len_depth_1_pos_count:10;eval/len_depth_2_pos_mean:8.333333015441895;eval/len_depth_2_pos_std:5.763872146606445;eval/len_depth_2_pos_count:12;eval/len_depth_3_pos_mean:8.0;eval/len_depth_3_pos_std:0.0;eval/len_depth_3_pos_count:1;eval/len_depth_4_pos_mean:20.0;eval/len_depth_4_pos_std:0.0;eval/len_depth_4_pos_count:1;eval/len_depth_unknown_neg_mean:16.19444465637207;eval/len_depth_unknown_neg_std:5.327180862426758;eval/len_depth_unknown_neg_count:72;eval/proven_depth_1_pos_mean:0.800000011920929;eval/proven_depth_1_pos_std:0.4000000059604645;eval/proven_depth_1_pos_count:10;eval/proven_depth_2_pos_mean:0.75;eval/proven_depth_2_pos_std:0.4330126941204071;eval/proven_depth_2_pos_count:12;eval/proven_depth_3_pos_mean:1.0;eval/proven_depth_3_pos_std:0.0;eval/proven_depth_3_pos_count:1;eval/proven_depth_4_pos_mean:0.0;eval/proven_depth_4_pos_std:0.0;eval/proven_depth_4_pos_count:1;eval/proven_depth_unknown_neg_mean:0.1111111119389534;eval/proven_depth_unknown_neg_std:0.31426969170570374;eval/proven_depth_unknown_neg_count:72;eval/proven_pos_mean:0.75;eval/proven_pos_std:0.4330126941204071;eval/proven_pos_count:24;eval/proven_neg_mean:0.1111111119389534;eval/proven_neg_std:0.31426969170570374;eval/proven_neg_count:72
eval/num_timesteps:65152;eval/mrr_mean:0.9145833333333333;eval/auc_pr:0.9145833333333333;eval/mean_ep_length_pos_true:4.105263157894737;eval/std_ep_length_pos_true:2.0999934045536848;eval/mean_ep_length_pos_false:20.0;eval/std_ep_length_pos_false:0.0;eval/mean_ep_length_neg_true:7.833333333333333;eval/std_ep_length_neg_true:3.4840908267278117;eval/mean_ep_length_neg_false:17.455555555555556;eval/std_ep_length_neg_false:4.2456804483069375;eval/success_rate:0.2604166666666667;eval/reward_count_total:96;eval/count_ep_length_total:96;eval/reward_mean_overall:0.203125;eval/reward_std_overall:0.48588475584983826;eval/mean_ep_length:14.21875;eval/std_ep_length:6.779569625854492;eval/reward_mean_pos:0.7916666865348816;eval/reward_std_pos:0.40611645579338074;eval/reward_count_pos:24;eval/mean_ep_length_pos:7.416666507720947;eval/std_ep_length_pos:6.720098495483398;eval/count_ep_length_pos:24;eval/reward_mean_neg:0.0069444444961845875;eval/reward_std_neg:0.3253529667854309;eval/reward_count_neg:72;eval/mean_ep_length_neg:16.48611068725586;eval/std_ep_length_neg:5.066208839416504;eval/count_ep_length_neg:72;eval/reward_depth_1_pos_mean:0.800000011920929;eval/reward_depth_1_pos_std:0.4000000059604645;eval/reward_depth_1_pos_count:10;eval/reward_depth_2_pos_mean:0.8333333134651184;eval/reward_depth_2_pos_std:0.3726780116558075;eval/reward_depth_2_pos_count:12;eval/reward_depth_3_pos_mean:1.0;eval/reward_depth_3_pos_std:0.0;eval/reward_depth_3_pos_count:1;eval/reward_depth_4_pos_mean:0.0;eval/reward_depth_4_pos_std:0.0;eval/reward_depth_4_pos_count:1;eval/reward_depth_unknown_neg_mean:0.0069444444961845875;eval/reward_depth_unknown_neg_std:0.3253529667854309;eval/reward_depth_unknown_neg_count:72;eval/len_depth_1_pos_mean:6.0;eval/len_depth_1_pos_std:7.042726516723633;eval/len_depth_1_pos_count:10;eval/len_depth_2_pos_mean:7.5;eval/len_depth_2_pos_std:5.838093280792236;eval/len_depth_2_pos_count:12;eval/len_depth_3_pos_mean:8.0;eval/len_depth_3_pos_std:0.0;eval/len_depth_3_pos_count:1;eval/len_depth_4_pos_mean:20.0;eval/len_depth_4_pos_std:0.0;eval/len_depth_4_pos_count:1;eval/len_depth_unknown_neg_mean:16.48611068725586;eval/len_depth_unknown_neg_std:5.066208839416504;eval/len_depth_unknown_neg_count:72;eval/proven_depth_1_pos_mean:0.800000011920929;eval/proven_depth_1_pos_std:0.4000000059604645;eval/proven_depth_1_pos_count:10;eval/proven_depth_2_pos_mean:0.8333333134651184;eval/proven_depth_2_pos_std:0.3726780116558075;eval/proven_depth_2_pos_count:12;eval/proven_depth_3_pos_mean:1.0;eval/proven_depth_3_pos_std:0.0;eval/proven_depth_3_pos_count:1;eval/proven_depth_4_pos_mean:0.0;eval/proven_depth_4_pos_std:0.0;eval/proven_depth_4_pos_count:1;eval/proven_depth_unknown_neg_mean:0.0833333358168602;eval/proven_depth_unknown_neg_std:0.2763853967189789;eval/proven_depth_unknown_neg_count:72;eval/proven_pos_mean:0.7916666865348816;eval/proven_pos_std:0.40611645579338074;eval/proven_pos_count:24;eval/proven_neg_mean:0.0833333358168602;eval/proven_neg_std:0.2763853967189789;eval/proven_neg_count:72
eval/num_timesteps:81408;eval/mrr_mean:0.9027777777777777;eval/auc_pr:0.9027777777777777;eval/mean_ep_length_pos_true:4.0;eval/std_ep_length_pos_true:1.8353258709644942;eval/mean_ep_length_pos_false:18.0;eval/std_ep_length_pos_false:4.0;eval/mean_ep_length_neg_true:9.0;eval/std_ep_length_neg_true:4.618802153517006;eval/mean_ep_length_neg_false:17.57777777777778;eval/std_ep_length_neg_false:4.2189460974086295;eval/success_rate:0.2604166666666667;eval/reward_count_total:96;eval/count_ep_length_total:96;eval/reward_mean_overall:0.1875;eval/reward_std_overall:0.5013003945350647;eval/mean_ep_length:14.385416984558105;eval/std_ep_length:6.822709560394287;eval/reward_mean_pos:0.75;eval/reward_std_pos:0.5204164981842041;eval/reward_count_pos:24;eval/mean_ep_length_pos:6.916666507720947;eval/std_ep_length_pos:6.190831184387207;eval/count_ep_length_pos:24;eval/reward_mean_neg:0.0;eval/reward_std_neg:0.322748601436615;eval/reward_count_neg:72;eval/mean_ep_length_neg:16.875;eval/std_ep_length_neg:4.9495720863342285;eval/count_ep_length_neg:72;eval/reward_depth_1_pos_mean:0.699999988079071;eval/reward_depth_1_pos_std:0.6403124332427979;eval/reward_depth_1_pos_count:10;eval/reward_depth_2_pos_mean:0.8333333134651184;eval/reward_depth_2_pos_std:0.3726780116558075;eval/reward_depth_2_pos_count:12;eval/reward_depth_3_pos_mean:1.0;eval/reward_depth_3_pos_std:0.0;eval/reward_depth_3_pos_count:1;eval/reward_depth_4_pos_mean:0.0;eval/reward_depth_4_pos_std:0.0;eval/reward_depth_4_pos_count:1;eval/reward_depth_unknown_neg_mean:0.0;eval/reward_depth_unknown_neg_std:0.322748601436615;eval/reward_depth_unknown_neg_count:72;eval/len_depth_1_pos_mean:5.0;eval/len_depth_1_pos_std:5.531726837158203;eval/len_depth_1_pos_count:10;eval/len_depth_2_pos_mean:7.5;eval/len_depth_2_pos_std:5.780714988708496;eval/len_depth_2_pos_count:12;eval/len_depth_3_pos_mean:6.0;eval/len_depth_3_pos_std:0.0;eval/len_depth_3_pos_count:1;eval/len_depth_4_pos_mean:20.0;eval/len_depth_4_pos_std:0.0;eval/len_depth_4_pos_count:1;eval/len_depth_unknown_neg_mean:16.875;eval/len_depth_unknown_neg_std:4.9495720863342285;eval/len_depth_unknown_neg_count:72;eval/proven_depth_1_pos_mean:0.800000011920929;eval/proven_depth_1_pos_std:0.4000000059604645;eval/proven_depth_1_pos_count:10;eval/proven_depth_2_pos_mean:0.8333333134651184;eval/proven_depth_2_pos_std:0.3726780116558075;eval/proven_depth_2_pos_count:12;eval/proven_depth_3_pos_mean:1.0;eval/proven_depth_3_pos_std:0.0;eval/proven_depth_3_pos_count:1;eval/proven_depth_4_pos_mean:0.0;eval/proven_depth_4_pos_std:0.0;eval/proven_depth_4_pos_count:1;eval/proven_depth_unknown_neg_mean:0.0833333358168602;eval/proven_depth_unknown_neg_std:0.2763853967189789;eval/proven_depth_unknown_neg_count:72;eval/proven_pos_mean:0.7916666865348816;eval/proven_pos_std:0.40611645579338074;eval/proven_pos_count:24;eval/proven_neg_mean:0.0833333358168602;eval/proven_neg_std:0.2763853967189789;eval/proven_neg_count:72
eval/num_timesteps:97664;eval/mrr_mean:0.8833333333333333;eval/auc_pr:0.8833333333333333;eval/mean_ep_length_pos_true:4.0;eval/std_ep_length_pos_true:1.8353258709644942;eval/mean_ep_length_pos_false:20.0;eval/std_ep_length_pos_false:0.0;eval/mean_ep_length_neg_true:9.6;eval/std_ep_length_neg_true:5.986651818838306;eval/mean_ep_length_neg_false:17.53846153846154;eval/std_ep_length_neg_false:4.207026284753712;eval/success_rate:0.25;eval/reward_count_total:96;eval/count_ep_length_total:96;eval/reward_mean_overall:0.2109375;eval/reward_std_overall:0.47093674540519714;eval/mean_ep_length:14.53125;eval/std_ep_length:6.826653003692627;eval/reward_mean_pos:0.7916666865348816;eval/reward_std_pos:0.40611645579338074;eval/reward_count_pos:24;eval/mean_ep_length_pos:7.333333492279053;eval/std_ep_length_pos:6.699916839599609;eval/count_ep_length_pos:24;eval/reward_mean_neg:0.0173611119389534;eval/reward_std_neg:0.30140408873558044;eval/reward_count_neg:72;eval/mean_ep_length_neg:16.93055534362793;eval/std_ep_length_neg:4.914056777954102;eval/count_ep_length_neg:72;eval/reward_depth_1_pos_mean:0.800000011920929;eval/reward_depth_1_pos_std:0.4000000059604645;eval/reward_depth_1_pos_count:10;eval/reward_depth_2_pos_mean:0.8333333134651184;eval/reward_depth_2_pos_std:0.3726780116558075;eval/reward_depth_2_pos_count:12;eval/reward_depth_3_pos_mean:1.0;eval/reward_depth_3_pos_std:0.0;eval/reward_depth_3_pos_count:1;eval/reward_depth_4_pos_mean:0.0;eval/reward_depth_4_pos_std:0.0;eval/reward_depth_4_pos_count:1;eval/reward_depth_unknown_neg_mean:0.0173611119389534;eval/reward_depth_unknown_neg_std:0.30140408873558044;eval/reward_depth_unknown_neg_count:72;eval/len_depth_1_pos_mean:6.0;eval/len_depth_1_pos_std:7.042726516723633;eval/len_depth_1_pos_count:10;eval/len_depth_2_pos_mean:7.5;eval/len_depth_2_pos_std:5.780714988708496;eval/len_depth_2_pos_count:12;eval/len_depth_3_pos_mean:6.0;eval/len_depth_3_pos_std:0.0;eval/len_depth_3_pos_count:1;eval/len_depth_4_pos_mean:20.0;eval/len_depth_4_pos_std:0.0;eval/len_depth_4_pos_count:1;eval/len_depth_unknown_neg_mean:16.93055534362793;eval/len_depth_unknown_neg_std:4.914056777954102;eval/len_depth_unknown_neg_count:72;eval/proven_depth_1_pos_mean:0.800000011920929;eval/proven_depth_1_pos_std:0.4000000059604645;eval/proven_depth_1_pos_count:10;eval/proven_depth_2_pos_mean:0.8333333134651184;eval/proven_depth_2_pos_std:0.3726780116558075;eval/proven_depth_2_pos_count:12;eval/proven_depth_3_pos_mean:1.0;eval/proven_depth_3_pos_std:0.0;eval/proven_depth_3_pos_count:1;eval/proven_depth_4_pos_mean:0.0;eval/proven_depth_4_pos_std:0.0;eval/proven_depth_4_pos_count:1;eval/proven_depth_unknown_neg_mean:0.0694444477558136;eval/proven_depth_unknown_neg_std:0.25420841574668884;eval/proven_depth_unknown_neg_count:72;eval/proven_pos_mean:0.7916666865348816;eval/proven_pos_std:0.40611645579338074;eval/proven_pos_count:24;eval/proven_neg_mean:0.0694444477558136;eval/proven_neg_std:0.25420841574668884;eval/proven_neg_count:72
eval/num_timesteps:113920;eval/mrr_mean:0.9145833333333333;eval/auc_pr:0.9145833333333333;eval/mean_ep_length_pos_true:4.4;eval/std_ep_length_pos_true:2.4979991993593593;eval/mean_ep_length_pos_false:20.0;eval/std_ep_length_pos_false:0.0;eval/mean_ep_length_neg_true:9.5;eval/std_ep_length_neg_true:6.5383484153110105;eval/mean_ep_length_neg_false:16.815217391304348;eval/std_ep_length_neg_false:4.4841007722117165;eval/success_rate:0.25;eval/reward_count_total:96;eval/count_ep_length_total:96;eval/reward_mean_overall:0.2473958283662796;eval/reward_std_overall:0.45714065432548523;eval/mean_ep_length:14.125;eval/std_ep_length:6.755013465881348;eval/reward_mean_pos:0.8333333134651184;eval/reward_std_pos:0.3726780116558075;eval/reward_count_pos:24;eval/mean_ep_length_pos:7.0;eval/std_ep_length_pos:6.244997978210449;eval/count_ep_length_pos:24;eval/reward_mean_neg:0.0520833320915699;eval/reward_std_neg:0.2824050486087799;eval/reward_count_neg:72;eval/mean_ep_length_neg:16.5;eval/std_ep_length_neg:5.027700901031494;eval/count_ep_length_neg:72;eval/reward_depth_1_pos_mean:0.8999999761581421;eval/reward_depth_1_pos_std:0.29999998211860657;eval/reward_depth_1_pos_count:10;eval/reward_depth_2_pos_mean:0.8333333134651184;eval/reward_depth_2_pos_std:0.3726780116558075;eval/reward_depth_2_pos_count:12;eval/reward_depth_3_pos_mean:1.0;eval/reward_depth_3_pos_std:0.0;eval/reward_depth_3_pos_count:1;eval/reward_depth_4_pos_mean:0.0;eval/reward_depth_4_pos_std:0.0;eval/reward_depth_4_pos_count:1;eval/reward_depth_unknown_neg_mean:0.0520833320915699;eval/reward_depth_unknown_neg_std:0.2824050486087799;eval/reward_depth_unknown_neg_count:72;eval/len_depth_1_pos_mean:5.199999809265137;eval/len_depth_1_pos_std:5.741079807281494;eval/len_depth_1_pos_count:10;eval/len_depth_2_pos_mean:7.5;eval/len_depth_2_pos_std:5.780714988708496;eval/len_depth_2_pos_count:12;eval/len_depth_3_pos_mean:6.0;eval/len_depth_3_pos_std:0.0;eval/len_depth_3_pos_count:1;eval/len_depth_4_pos_mean:20.0;eval/len_depth_4_pos_std:0.0;eval/len_depth_4_pos_count:1;eval/len_depth_unknown_neg_mean:16.5;eval/len_depth_unknown_neg_std:5.027700901031494;eval/len_depth_unknown_neg_count:72;eval/proven_depth_1_pos_mean:0.8999999761581421;eval/proven_depth_1_pos_std:0.29999998211860657;eval/proven_depth_1_pos_count:10;eval/proven_depth_2_pos_mean:0.8333333134651184;eval/proven_depth_2_pos_std:0.3726780116558075;eval/proven_depth_2_pos_count:12;eval/proven_depth_3_pos_mean:1.0;eval/proven_depth_3_pos_std:0.0;eval/proven_depth_3_pos_count:1;eval/proven_depth_4_pos_mean:0.0;eval/proven_depth_4_pos_std:0.0;eval/proven_depth_4_pos_count:1;eval/proven_depth_unknown_neg_mean:0.0555555559694767;eval/proven_depth_unknown_neg_std:0.22906143963336945;eval/proven_depth_unknown_neg_count:72;eval/proven_pos_mean:0.8333333134651184;eval/proven_pos_std:0.3726780116558075;eval/proven_pos_count:24;eval/proven_neg_mean:0.0555555559694767;eval/proven_neg_std:0.22906143963336945;eval/proven_neg_count:72
eval/num_timesteps:130176;eval/mrr_mean:0.8708333333333332;eval/auc_pr:0.8708333333333332;eval/mean_ep_length_pos_true:4.4;eval/std_ep_length_pos_true:2.4979991993593593;eval/mean_ep_length_pos_false:20.0;eval/std_ep_length_pos_false:0.0;eval/mean_ep_length_neg_true:9.5;eval/std_ep_length_neg_true:6.5383484153110105;eval/mean_ep_length_neg_false:16.83695652173913;eval/std_ep_length_neg_false:4.306913486560687;eval/success_rate:0.25;eval/reward_count_total:96;eval/count_ep_length_total:96;eval/reward_mean_overall:0.2526041567325592;eval/reward_std_overall:0.46978333592414856;eval/mean_ep_length:14.145833015441895;eval/std_ep_length:6.652034759521484;eval/reward_mean_pos:0.7916666865348816;eval/reward_std_pos:0.49826085567474365;eval/reward_count_pos:24;eval/mean_ep_length_pos:7.0;eval/std_ep_length_pos:6.244997978210449;eval/count_ep_length_pos:24;eval/reward_mean_neg:0.0729166641831398;eval/reward_std_neg:0.28697869181632996;eval/reward_count_neg:72;eval/mean_ep_length_neg:16.52777862548828;eval/std_ep_length_neg:4.827503204345703;eval/count_ep_length_neg:72;eval/reward_depth_1_pos_mean:0.8999999761581421;eval/reward_depth_1_pos_std:0.29999998211860657;eval/reward_depth_1_pos_count:10;eval/reward_depth_2_pos_mean:0.75;eval/reward_depth_2_pos_std:0.5951189994812012;eval/reward_depth_2_pos_count:12;eval/reward_depth_3_pos_mean:1.0;eval/reward_depth_3_pos_std:0.0;eval/reward_depth_3_pos_count:1;eval/reward_depth_4_pos_mean:0.0;eval/reward_depth_4_pos_std:0.0;eval/reward_depth_4_pos_count:1;eval/reward_depth_unknown_neg_mean:0.0729166641831398;eval/reward_depth_unknown_neg_std:0.28697869181632996;eval/reward_depth_unknown_neg_count:72;eval/len_depth_1_pos_mean:5.199999809265137;eval/len_depth_1_pos_std:5.741079807281494;eval/len_depth_1_pos_count:10;eval/len_depth_2_pos_mean:7.5;eval/len_depth_2_pos_std:5.780714988708496;eval/len_depth_2_pos_count:12;eval/len_depth_3_pos_mean:6.0;eval/len_depth_3_pos_std:0.0;eval/len_depth_3_pos_count:1;eval/len_depth_4_pos_mean:20.0;eval/len_depth_4_pos_std:0.0;eval/len_depth_4_pos_count:1;eval/len_depth_unknown_neg_mean:16.52777862548828;eval/len_depth_unknown_neg_std:4.827503204345703;eval/len_depth_unknown_neg_count:72;eval/proven_depth_1_pos_mean:0.8999999761581421;eval/proven_depth_1_pos_std:0.29999998211860657;eval/proven_depth_1_pos_count:10;eval/proven_depth_2_pos_mean:0.8333333134651184;eval/proven_depth_2_pos_std:0.3726780116558075;eval/proven_depth_2_pos_count:12;eval/proven_depth_3_pos_mean:1.0;eval/proven_depth_3_pos_std:0.0;eval/proven_depth_3_pos_count:1;eval/proven_depth_4_pos_mean:0.0;eval/proven_depth_4_pos_std:0.0;eval/proven_depth_4_pos_count:1;eval/proven_depth_unknown_neg_mean:0.0555555559694767;eval/proven_depth_unknown_neg_std:0.22906143963336945;eval/proven_depth_unknown_neg_count:72;eval/proven_pos_mean:0.8333333134651184;eval/proven_pos_std:0.3726780116558075;eval/proven_pos_count:24;eval/proven_neg_mean:0.0555555559694767;eval/proven_neg_std:0.22906143963336945;eval/proven_neg_count:72
eval/num_timesteps:146432;eval/mrr_mean:0.9583333333333334;eval/auc_pr:0.9583333333333334;eval/mean_ep_length_pos_true:4.4;eval/std_ep_length_pos_true:2.4979991993593593;eval/mean_ep_length_pos_false:20.0;eval/std_ep_length_pos_false:0.0;eval/mean_ep_length_neg_true:6.0;eval/std_ep_length_neg_true:2.8284271247461903;eval/mean_ep_length_neg_false:16.666666666666668;eval/std_ep_length_neg_false:4.439154558017118;eval/success_rate:0.23958333333333334;eval/reward_count_total:96;eval/count_ep_length_total:96;eval/reward_mean_overall:0.2552083432674408;eval/reward_std_overall:0.45497703552246094;eval/mean_ep_length:14.072916984558105;eval/std_ep_length:6.693038463592529;eval/reward_mean_pos:0.7916666865348816;eval/reward_std_pos:0.49826085567474365;eval/reward_count_pos:24;eval/mean_ep_length_pos:7.0;eval/std_ep_length_pos:6.244997978210449;eval/count_ep_length_pos:24;eval/reward_mean_neg:0.0763888880610466;eval/reward_std_neg:0.25562724471092224;eval/reward_count_neg:72;eval/mean_ep_length_neg:16.43055534362793;eval/std_ep_length_neg:4.949260234832764;eval/count_ep_length_neg:72;eval/reward_depth_1_pos_mean:0.8999999761581421;eval/reward_depth_1_pos_std:0.29999998211860657;eval/reward_depth_1_pos_count:10;eval/reward_depth_2_pos_mean:0.75;eval/reward_depth_2_pos_std:0.5951189994812012;eval/reward_depth_2_pos_count:12;eval/reward_depth_3_pos_mean:1.0;eval/reward_depth_3_pos_std:0.0;eval/reward_depth_3_pos_count:1;eval/reward_depth_4_pos_mean:0.0;eval/reward_depth_4_pos_std:0.0;eval/reward_depth_4_pos_count:1;eval/reward_depth_unknown_neg_mean:0.0763888880610466;eval/reward_depth_unknown_neg_std:0.25562724471092224;eval/reward_depth_unknown_neg_count:72;eval/len_depth_1_pos_mean:5.199999809265137;eval/len_depth_1_pos_std:5.741079807281494;eval/len_depth_1_pos_count:10;eval/len_depth_2_pos_mean:7.5;eval/len_depth_2_pos_std:5.780714988708496;eval/len_depth_2_pos_count:12;eval/len_depth_3_pos_mean:6.0;eval/len_depth_3_pos_std:0.0;eval/len_depth_3_pos_count:1;eval/len_depth_4_pos_mean:20.0;eval/len_depth_4_pos_std:0.0;eval/len_depth_4_pos_count:1;eval/len_depth_unknown_neg_mean:16.43055534362793;eval/len_depth_unknown_neg_std:4.949260234832764;eval/len_depth_unknown_neg_count:72;eval/proven_depth_1_pos_mean:0.8999999761581421;eval/proven_depth_1_pos_std:0.29999998211860657;eval/proven_depth_1_pos_count:10;eval/proven_depth_2_pos_mean:0.8333333134651184;eval/proven_depth_2_pos_std:0.3726780116558075;eval/proven_depth_2_pos_count:12;eval/proven_depth_3_pos_mean:1.0;eval/proven_depth_3_pos_std:0.0;eval/proven_depth_3_pos_count:1;eval/proven_depth_4_pos_mean:0.0;eval/proven_depth_4_pos_std:0.0;eval/proven_depth_4_pos_count:1;eval/proven_depth_unknown_neg_mean:0.0416666679084301;eval/proven_depth_unknown_neg_std:0.19982631504535675;eval/proven_depth_unknown_neg_count:72;eval/proven_pos_mean:0.8333333134651184;eval/proven_pos_std:0.3726780116558075;eval/proven_pos_count:24;eval/proven_neg_mean:0.0416666679084301;eval/proven_neg_std:0.19982631504535675;eval/proven_neg_count:72
eval/num_timesteps:162688;eval/mrr_mean:0.9583333333333334;eval/auc_pr:0.9583333333333334;eval/mean_ep_length_pos_true:4.4;eval/std_ep_length_pos_true:2.4979991993593593;eval/mean_ep_length_pos_false:20.0;eval/std_ep_length_pos_false:0.0;eval/mean_ep_length_neg_true:6.0;eval/std_ep_length_neg_true:2.8284271247461903;eval/mean_ep_length_neg_false:16.301075268817204;eval/std_ep_length_neg_false:4.733283990890534;eval/success_rate:0.23958333333333334;eval/reward_count_total:96;eval/count_ep_length_total:96;eval/reward_mean_overall:0.265625;eval/reward_std_overall:0.4518660604953766;eval/mean_ep_length:13.71875;eval/std_ep_length:6.67661190032959;eval/reward_mean_pos:0.7916666865348816;eval/reward_std_pos:0.49826085567474365;eval/reward_count_pos:24;eval/mean_ep_length_pos:7.0;eval/std_ep_length_pos:6.244997978210449;eval/count_ep_length_pos:24;eval/reward_mean_neg:0.0902777761220932;eval/reward_std_neg:0.25788119435310364;eval/reward_count_neg:72;eval/mean_ep_length_neg:15.958333015441895;eval/std_ep_length_neg:5.135490894317627;eval/count_ep_length_neg:72;eval/reward_depth_1_pos_mean:0.8999999761581421;eval/reward_depth_1_pos_std:0.29999998211860657;eval/reward_depth_1_pos_count:10;eval/reward_depth_2_pos_mean:0.75;eval/reward_depth_2_pos_std:0.5951189994812012;eval/reward_depth_2_pos_count:12;eval/reward_depth_3_pos_mean:1.0;eval/reward_depth_3_pos_std:0.0;eval/reward_depth_3_pos_count:1;eval/reward_depth_4_pos_mean:0.0;eval/reward_depth_4_pos_std:0.0;eval/reward_depth_4_pos_count:1;eval/reward_depth_unknown_neg_mean:0.0902777761220932;eval/reward_depth_unknown_neg_std:0.25788119435310364;eval/reward_depth_unknown_neg_count:72;eval/len_depth_1_pos_mean:5.199999809265137;eval/len_depth_1_pos_std:5.741079807281494;eval/len_depth_1_pos_count:10;eval/len_depth_2_pos_mean:7.5;eval/len_depth_2_pos_std:5.780714988708496;eval/len_depth_2_pos_count:12;eval/len_depth_3_pos_mean:6.0;eval/len_depth_3_pos_std:0.0;eval/len_depth_3_pos_count:1;eval/len_depth_4_pos_mean:20.0;eval/len_depth_4_pos_std:0.0;eval/len_depth_4_pos_count:1;eval/len_depth_unknown_neg_mean:15.958333015441895;eval/len_depth_unknown_neg_std:5.135490894317627;eval/len_depth_unknown_neg_count:72;eval/proven_depth_1_pos_mean:0.8999999761581421;eval/proven_depth_1_pos_std:0.29999998211860657;eval/proven_depth_1_pos_count:10;eval/proven_depth_2_pos_mean:0.8333333134651184;eval/proven_depth_2_pos_std:0.3726780116558075;eval/proven_depth_2_pos_count:12;eval/proven_depth_3_pos_mean:1.0;eval/proven_depth_3_pos_std:0.0;eval/proven_depth_3_pos_count:1;eval/proven_depth_4_pos_mean:0.0;eval/proven_depth_4_pos_std:0.0;eval/proven_depth_4_pos_count:1;eval/proven_depth_unknown_neg_mean:0.0416666679084301;eval/proven_depth_unknown_neg_std:0.19982631504535675;eval/proven_depth_unknown_neg_count:72;eval/proven_pos_mean:0.8333333134651184;eval/proven_pos_std:0.3726780116558075;eval/proven_pos_count:24;eval/proven_neg_mean:0.0416666679084301;eval/proven_neg_std:0.19982631504535675;eval/proven_neg_count:72
eval/num_timesteps:178944;eval/mrr_mean:0.9583333333333334;eval/auc_pr:0.9583333333333334;eval/mean_ep_length_pos_true:4.4;eval/std_ep_length_pos_true:2.4979991993593593;eval/mean_ep_length_pos_false:20.0;eval/std_ep_length_pos_false:0.0;eval/mean_ep_length_neg_true:6.0;eval/std_ep_length_neg_true:2.8284271247461903;eval/mean_ep_length_neg_false:16.440860215053764;eval/std_ep_length_neg_false:4.5376853689234435;eval/success_rate:0.23958333333333334;eval/reward_count_total:96;eval/count_ep_length_total:96;eval/reward_mean_overall:0.2682291567325592;eval/reward_std_overall:0.4510473608970642;eval/mean_ep_length:13.875;eval/std_ep_length:6.613196849822998;eval/reward_mean_pos:0.7916666865348816;eval/reward_std_pos:0.49826085567474365;eval/reward_count_pos:24;eval/mean_ep_length_pos:7.0;eval/std_ep_length_pos:6.244997978210449;eval/count_ep_length_pos:24;eval/reward_mean_neg:0.09375;eval/reward_std_neg:0.2583249509334564;eval/reward_count_neg:72;eval/mean_ep_length_neg:16.16666603088379;eval/std_ep_length_neg:4.9300665855407715;eval/count_ep_length_neg:72;eval/reward_depth_1_pos_mean:0.8999999761581421;eval/reward_depth_1_pos_std:0.29999998211860657;eval/reward_depth_1_pos_count:10;eval/reward_depth_2_pos_mean:0.75;eval/reward_depth_2_pos_std:0.5951189994812012;eval/reward_depth_2_pos_count:12;eval/reward_depth_3_pos_mean:1.0;eval/reward_depth_3_pos_std:0.0;eval/reward_depth_3_pos_count:1;eval/reward_depth_4_pos_mean:0.0;eval/reward_depth_4_pos_std:0.0;eval/reward_depth_4_pos_count:1;eval/reward_depth_unknown_neg_mean:0.09375;eval/reward_depth_unknown_neg_std:0.2583249509334564;eval/reward_depth_unknown_neg_count:72;eval/len_depth_1_pos_mean:5.199999809265137;eval/len_depth_1_pos_std:5.741079807281494;eval/len_depth_1_pos_count:10;eval/len_depth_2_pos_mean:7.5;eval/len_depth_2_pos_std:5.780714988708496;eval/len_depth_2_pos_count:12;eval/len_depth_3_pos_mean:6.0;eval/len_depth_3_pos_std:0.0;eval/len_depth_3_pos_count:1;eval/len_depth_4_pos_mean:20.0;eval/len_depth_4_pos_std:0.0;eval/len_depth_4_pos_count:1;eval/len_depth_unknown_neg_mean:16.16666603088379;eval/len_depth_unknown_neg_std:4.9300665855407715;eval/len_depth_unknown_neg_count:72;eval/proven_depth_1_pos_mean:0.8999999761581421;eval/proven_depth_1_pos_std:0.29999998211860657;eval/proven_depth_1_pos_count:10;eval/proven_depth_2_pos_mean:0.8333333134651184;eval/proven_depth_2_pos_std:0.3726780116558075;eval/proven_depth_2_pos_count:12;eval/proven_depth_3_pos_mean:1.0;eval/proven_depth_3_pos_std:0.0;eval/proven_depth_3_pos_count:1;eval/proven_depth_4_pos_mean:0.0;eval/proven_depth_4_pos_std:0.0;eval/proven_depth_4_pos_count:1;eval/proven_depth_unknown_neg_mean:0.0416666679084301;eval/proven_depth_unknown_neg_std:0.19982631504535675;eval/proven_depth_unknown_neg_count:72;eval/proven_pos_mean:0.8333333134651184;eval/proven_pos_std:0.3726780116558075;eval/proven_pos_count:24;eval/proven_neg_mean:0.0416666679084301;eval/proven_neg_std:0.19982631504535675;eval/proven_neg_count:72
eval/num_timesteps:195200;eval/mrr_mean:0.9375;eval/auc_pr:0.9375;eval/mean_ep_length_pos_true:4.4;eval/std_ep_length_pos_true:2.4979991993593593;eval/mean_ep_length_pos_false:20.0;eval/std_ep_length_pos_false:0.0;eval/mean_ep_length_neg_true:6.0;eval/std_ep_length_neg_true:2.8284271247461903;eval/mean_ep_length_neg_false:16.634408602150536;eval/std_ep_length_neg_false:4.625281034731682;eval/success_rate:0.23958333333333334;eval/reward_count_total:96;eval/count_ep_length_total:96;eval/reward_mean_overall:0.2578125;eval/reward_std_overall:0.4542236924171448;eval/mean_ep_length:13.885416984558105;eval/std_ep_length:6.715761661529541;eval/reward_mean_pos:0.7916666865348816;eval/reward_std_pos:0.49826085567474365;eval/reward_count_pos:24;eval/mean_ep_length_pos:7.0;eval/std_ep_length_pos:6.244997978210449;eval/count_ep_length_pos:24;eval/reward_mean_neg:0.0798611119389534;eval/reward_std_neg:0.2562631666660309;eval/reward_count_neg:72;eval/mean_ep_length_neg:16.18055534362793;eval/std_ep_length_neg:5.105352401733398;eval/count_ep_length_neg:72;eval/reward_depth_1_pos_mean:0.8999999761581421;eval/reward_depth_1_pos_std:0.29999998211860657;eval/reward_depth_1_pos_count:10;eval/reward_depth_2_pos_mean:0.75;eval/reward_depth_2_pos_std:0.5951189994812012;eval/reward_depth_2_pos_count:12;eval/reward_depth_3_pos_mean:1.0;eval/reward_depth_3_pos_std:0.0;eval/reward_depth_3_pos_count:1;eval/reward_depth_4_pos_mean:0.0;eval/reward_depth_4_pos_std:0.0;eval/reward_depth_4_pos_count:1;eval/reward_depth_unknown_neg_mean:0.0798611119389534;eval/reward_depth_unknown_neg_std:0.2562631666660309;eval/reward_depth_unknown_neg_count:72;eval/len_depth_1_pos_mean:5.199999809265137;eval/len_depth_1_pos_std:5.741079807281494;eval/len_depth_1_pos_count:10;eval/len_depth_2_pos_mean:7.5;eval/len_depth_2_pos_std:5.780714988708496;eval/len_depth_2_pos_count:12;eval/len_depth_3_pos_mean:6.0;eval/len_depth_3_pos_std:0.0;eval/len_depth_3_pos_count:1;eval/len_depth_4_pos_mean:20.0;eval/len_depth_4_pos_std:0.0;eval/len_depth_4_pos_count:1;eval/len_depth_unknown_neg_mean:16.18055534362793;eval/len_depth_unknown_neg_std:5.105352401733398;eval/len_depth_unknown_neg_count:72;eval/proven_depth_1_pos_mean:0.8999999761581421;eval/proven_depth_1_pos_std:0.29999998211860657;eval/proven_depth_1_pos_count:10;eval/proven_depth_2_pos_mean:0.8333333134651184;eval/proven_depth_2_pos_std:0.3726780116558075;eval/proven_depth_2_pos_count:12;eval/proven_depth_3_pos_mean:1.0;eval/proven_depth_3_pos_std:0.0;eval/proven_depth_3_pos_count:1;eval/proven_depth_4_pos_mean:0.0;eval/proven_depth_4_pos_std:0.0;eval/proven_depth_4_pos_count:1;eval/proven_depth_unknown_neg_mean:0.0416666679084301;eval/proven_depth_unknown_neg_std:0.19982631504535675;eval/proven_depth_unknown_neg_count:72;eval/proven_pos_mean:0.8333333134651184;eval/proven_pos_std:0.3726780116558075;eval/proven_pos_count:24;eval/proven_neg_mean:0.0416666679084301;eval/proven_neg_std:0.19982631504535675;eval/proven_neg_count:72
eval/num_timesteps:211456;eval/mrr_mean:0.9375;eval/auc_pr:0.9375;eval/mean_ep_length_pos_true:4.4;eval/std_ep_length_pos_true:2.4979991993593593;eval/mean_ep_length_pos_false:20.0;eval/std_ep_length_pos_false:0.0;eval/mean_ep_length_neg_true:6.0;eval/std_ep_length_neg_true:2.8284271247461903;eval/mean_ep_length_neg_false:16.473118279569892;eval/std_ep_length_neg_false:4.5686905440273815;eval/success_rate:0.23958333333333334;eval/reward_count_total:96;eval/count_ep_length_total:96;eval/reward_mean_overall:0.2760416567325592;eval/reward_std_overall:0.4484916627407074;eval/mean_ep_length:13.833333015441895;eval/std_ep_length:6.632725715637207;eval/reward_mean_pos:0.7916666865348816;eval/reward_std_pos:0.49826085567474365;eval/reward_count_pos:24;eval/mean_ep_length_pos:7.0;eval/std_ep_length_pos:6.244997978210449;eval/count_ep_length_pos:24;eval/reward_mean_neg:0.1041666641831398;eval/reward_std_neg:0.25937288999557495;eval/reward_count_neg:72;eval/mean_ep_length_neg:16.11111068725586;eval/std_ep_length_neg:4.990423202514648;eval/count_ep_length_neg:72;eval/reward_depth_1_pos_mean:0.8999999761581421;eval/reward_depth_1_pos_std:0.29999998211860657;eval/reward_depth_1_pos_count:10;eval/reward_depth_2_pos_mean:0.75;eval/reward_depth_2_pos_std:0.5951189994812012;eval/reward_depth_2_pos_count:12;eval/reward_depth_3_pos_mean:1.0;eval/reward_depth_3_pos_std:0.0;eval/reward_depth_3_pos_count:1;eval/reward_depth_4_pos_mean:0.0;eval/reward_depth_4_pos_std:0.0;eval/reward_depth_4_pos_count:1;eval/reward_depth_unknown_neg_mean:0.1041666641831398;eval/reward_depth_unknown_neg_std:0.25937288999557495;eval/reward_depth_unknown_neg_count:72;eval/len_depth_1_pos_mean:5.199999809265137;eval/len_depth_1_pos_std:5.741079807281494;eval/len_depth_1_pos_count:10;eval/len_depth_2_pos_mean:7.5;eval/len_depth_2_pos_std:5.780714988708496;eval/len_depth_2_pos_count:12;eval/len_depth_3_pos_mean:6.0;eval/len_depth_3_pos_std:0.0;eval/len_depth_3_pos_count:1;eval/len_depth_4_pos_mean:20.0;eval/len_depth_4_pos_std:0.0;eval/len_depth_4_pos_count:1;eval/len_depth_unknown_neg_mean:16.11111068725586;eval/len_depth_unknown_neg_std:4.990423202514648;eval/len_depth_unknown_neg_count:72;eval/proven_depth_1_pos_mean:0.8999999761581421;eval/proven_depth_1_pos_std:0.29999998211860657;eval/proven_depth_1_pos_count:10;eval/proven_depth_2_pos_mean:0.8333333134651184;eval/proven_depth_2_pos_std:0.3726780116558075;eval/proven_depth_2_pos_count:12;eval/proven_depth_3_pos_mean:1.0;eval/proven_depth_3_pos_std:0.0;eval/proven_depth_3_pos_count:1;eval/proven_depth_4_pos_mean:0.0;eval/proven_depth_4_pos_std:0.0;eval/proven_depth_4_pos_count:1;eval/proven_depth_unknown_neg_mean:0.0416666679084301;eval/proven_depth_unknown_neg_std:0.19982631504535675;eval/proven_depth_unknown_neg_count:72;eval/proven_pos_mean:0.8333333134651184;eval/proven_pos_std:0.3726780116558075;eval/proven_pos_count:24;eval/proven_neg_mean:0.0416666679084301;eval/proven_neg_std:0.19982631504535675;eval/proven_neg_count:72

All data;dataset_name:countries_s3;eval_neg_samples:None;test_neg_samples:None;train_depth:None;valid_depth:None;test_depth:None;n_train_queries:111;n_eval_queries:24;n_test_queries:24;prob_facts:False;topk_facts:None;topk_facts_threshold:0.33;model_name:PPO;ent_coef:0.2;clip_range:0.2;n_epochs:20;lr:5e-05;gamma:0.99;clip_range_vf:None;target_kl:0.03;seed:[0];timesteps_train:200000;restore_best_val_model:True;load_model:False;save_model:True;n_envs:128;n_steps:128;n_eval_envs:128;batch_size:4096;eval_freq:128;reward_type:4;train_neg_ratio:4;engine:python;engine_strategy:cmp;endf_action:True;endt_action:False;skip_unary_actions:True;max_depth:20;memory_pruning:True;corruption_mode:dynamic;false_rules:False;ent_coef_decay:True;ent_coef_init_value:0.5;ent_coef_final_value:0.01;ent_coef_start:0.0;ent_coef_end:1.0;ent_coef_transform:linear;lr_decay:True;lr_init_value:0.0003;lr_final_value:1e-06;lr_start:0.0;lr_end:1.0;lr_transform:linear;eval_hybrid_success_only:True;eval_hybrid_kge_weight:2.0;eval_hybrid_rl_weight:1.0;atom_embedder:transe;state_embedder:mean;atom_embedding_size:250;learn_embeddings:True;padding_atoms:6;padding_states:20;max_total_vars:100;verbose:False;prover_verbose:False;device:cuda;min_gpu_memory_gb:2.0;extended_eval_info:True;eval_best_metric:mrr;plot:False;data_path:/home/castellanoontiv/Batched_env/kge_experiments/data;models_path:/home/castellanoontiv/Batched_env/kge_experiments/sb3/models;rules_file:rules.txt;facts_file:train.txt;use_logger:True;logger_path:/home/castellanoontiv/Batched_env/kge_experiments/sb3/runs;use_wb:False;wb_path:./../wandb/;deterministic:False;deterministic_parity:False;use_compile:True;canonical_action_order:False;kge_action:False;logit_fusion:False;inference_fusion:False;inference_success_only:True;pbrs:False;enable_top_k:False;pbrs_beta:0.0;pbrs_gamma:None;top_k_value:None;annealing_specs:{'ent_coef': {'initial': 0.5, 'final': 0.01, 'start_point': 0.0, 'end_point': 1.0, 'transform': 'linear', 'value_type': 'float'}, 'lr': {'initial': 0.0003, 'final': 1e-06, 'start_point': 0.0, 'end_point': 1.0, 'transform': 'linear', 'value_type': 'float'}};annealing:{'ent_coef': {'initial': 0.5, 'final': 0.01, 'start_point': 0.0, 'end_point': 1.0, 'transform': 'linear', 'value_type': 'float'}, 'lr': {'initial': 0.0003, 'final': 1e-06, 'start_point': 0.0, 'end_point': 1.0, 'transform': 'linear', 'value_type': 'float'}};kge_engine:tf;kge_run_signature:countries_s3-backward_0_1-no_reasoner-rotate-True-256-256-128-rules.txt;corruption_scheme:['tail'];janus_file:None;train_file:train.txt;valid_file:valid.txt;test_file:test.txt;state_embedding_size:250;constant_embedding_size:250;predicate_embedding_size:250;run_signature:countries_s3-250-True-0.2-0.2-cmp-4-4-20-5e-05-128-2.0-1.0-True;seed_run_i:0
train;mrr_mean:0;hits1_mean:0;hits3_mean:0;hits10_mean:0;mrr_head_mean:0;mrr_tail_mean:0;hits1_head_mean:0;hits1_tail_mean:0;hits3_head_mean:0;hits3_tail_mean:0;hits10_head_mean:0;hits10_tail_mean:0;average_precision:0;rewards_pos_mean:0;rewards_pos_std:0;rewards_neg_mean:0;rewards_neg_std:0;episode_len_pos_mean:0;episode_len_pos_std:0;episode_len_neg_mean:0;episode_len_neg_std:0;log_probs_pos_mean:0;log_probs_pos_std:0;log_probs_neg_mean:0;log_probs_neg_std:0;episode_len_pos_true_mean:0;episode_len_pos_true_std:0;episode_len_pos_false_mean:0;episode_len_pos_false_std:0;episode_len_neg_true_mean:0;episode_len_neg_true_std:0;episode_len_neg_false_mean:0;episode_len_neg_false_std:0;reward_d_1_pos_mean:0;reward_d_1_pos_std:0;reward_d_1_pos_count:0;reward_d_2_pos_mean:0;reward_d_2_pos_std:0;reward_d_2_pos_count:0;reward_d_3_pos_mean:0;reward_d_3_pos_std:0;reward_d_3_pos_count:0;reward_d_4_pos_mean:0;reward_d_4_pos_std:0;reward_d_4_pos_count:0;reward_d_6_pos_mean:0;reward_d_6_pos_std:0;reward_d_6_pos_count:0;proven_d_1_pos_mean:0;proven_d_1_pos_std:0;proven_d_1_pos_count:0;proven_d_2_pos_mean:0;proven_d_2_pos_std:0;proven_d_2_pos_count:0;proven_d_3_pos_mean:0;proven_d_3_pos_std:0;proven_d_3_pos_count:0;proven_d_4_pos_mean:0;proven_d_4_pos_std:0;proven_d_4_pos_count:0;proven_d_6_pos_mean:0;proven_d_6_pos_std:0;proven_d_6_pos_count:0;proven_d_unknown_neg_mean:0;proven_d_unknown_neg_std:0;proven_d_unknown_neg_count:0;proven_pos_mean:0;proven_pos_std:0;proven_pos_count:0;proven_neg_mean:0;proven_neg_std:0;proven_neg_count:0
valid;mrr_mean:0;hits1_mean:0;hits3_mean:0;hits10_mean:0;mrr_head_mean:0;mrr_tail_mean:0;hits1_head_mean:0;hits1_tail_mean:0;hits3_head_mean:0;hits3_tail_mean:0;hits10_head_mean:0;hits10_tail_mean:0;average_precision:0;rewards_pos_mean:0;rewards_pos_std:0;rewards_neg_mean:0;rewards_neg_std:0;episode_len_pos_mean:0;episode_len_pos_std:0;episode_len_neg_mean:0;episode_len_neg_std:0;log_probs_pos_mean:0;log_probs_pos_std:0;log_probs_neg_mean:0;log_probs_neg_std:0;episode_len_pos_true_mean:0;episode_len_pos_true_std:0;episode_len_pos_false_mean:0;episode_len_pos_false_std:0;episode_len_neg_true_mean:0;episode_len_neg_true_std:0;episode_len_neg_false_mean:0;episode_len_neg_false_std:0;reward_d_1_pos_mean:0;reward_d_1_pos_std:0;reward_d_1_pos_count:0;reward_d_2_pos_mean:0;reward_d_2_pos_std:0;reward_d_2_pos_count:0;reward_d_3_pos_mean:0;reward_d_3_pos_std:0;reward_d_3_pos_count:0;reward_d_4_pos_mean:0;reward_d_4_pos_std:0;reward_d_4_pos_count:0;reward_d_6_pos_mean:0;reward_d_6_pos_std:0;reward_d_6_pos_count:0;proven_d_1_pos_mean:0;proven_d_1_pos_std:0;proven_d_1_pos_count:0;proven_d_2_pos_mean:0;proven_d_2_pos_std:0;proven_d_2_pos_count:0;proven_d_3_pos_mean:0;proven_d_3_pos_std:0;proven_d_3_pos_count:0;proven_d_4_pos_mean:0;proven_d_4_pos_std:0;proven_d_4_pos_count:0;proven_d_6_pos_mean:0;proven_d_6_pos_std:0;proven_d_6_pos_count:0;proven_d_unknown_neg_mean:0;proven_d_unknown_neg_std:0;proven_d_unknown_neg_count:0;proven_pos_mean:0;proven_pos_std:0;proven_pos_count:0;proven_neg_mean:0;proven_neg_std:0;proven_neg_count:0
test;mrr_mean:0.8972222222222221;hits1_mean:0.8333333333333334;hits3_mean:0.9583333333333334;hits10_mean:1.0;mrr_head_mean:0.0;mrr_tail_mean:0.8972222222222221;hits1_head_mean:0.0;hits1_tail_mean:0.8333333333333334;hits3_head_mean:0.0;hits3_tail_mean:0.9583333333333334;hits10_head_mean:0.0;hits10_tail_mean:1.0;average_precision:0.6997375603212168;rewards_pos_mean:0.5833333333333334;rewards_pos_std:0.7021791477646966;rewards_neg_mean:0.06510416666666667;rewards_neg_std:0.22605306710882192;episode_len_pos_mean:10.166666666666666;episode_len_pos_std:6.478597241858937;episode_len_neg_mean:17.4375;episode_len_neg_std:4.147821968615979;log_probs_pos_mean:-29.580865224202473;log_probs_pos_std:46.005784013127055;log_probs_neg_mean:-97.42453249295552;log_probs_neg_std:17.51639693447898;episode_len_pos_true_mean:6.9411764705882355;episode_len_pos_true_std:4.065212363099058;episode_len_pos_false_mean:18.0;episode_len_pos_false_std:4.140393356054125;episode_len_neg_true_mean:5.333333333333333;episode_len_neg_true_std:3.39934634239519;episode_len_neg_false_mean:17.827956989247312;episode_len_neg_false_std:3.536670130370275;reward_d_1_pos_mean:1.0;reward_d_1_pos_std:0.0;reward_d_1_pos_count:1;reward_d_2_pos_mean:0.5555555820465088;reward_d_2_pos_std:0.7617394328117371;reward_d_2_pos_count:18;reward_d_3_pos_mean:1.0;reward_d_3_pos_std:0.0;reward_d_3_pos_count:3;reward_d_4_pos_mean:0.0;reward_d_4_pos_std:0.0;reward_d_4_pos_count:1;reward_d_6_pos_mean:0.0;reward_d_6_pos_std:0.0;reward_d_6_pos_count:1;proven_d_1_pos_mean:1.0;proven_d_1_pos_std:0.0;proven_d_1_pos_count:1;proven_d_2_pos_mean:0.7222222089767456;proven_d_2_pos_std:0.44790321588516235;proven_d_2_pos_count:18;proven_d_3_pos_mean:1.0;proven_d_3_pos_std:0.0;proven_d_3_pos_count:3;proven_d_4_pos_mean:0.0;proven_d_4_pos_std:0.0;proven_d_4_pos_count:1;proven_d_6_pos_mean:0.0;proven_d_6_pos_std:0.0;proven_d_6_pos_count:1;proven_d_unknown_neg_mean:0.0416666679084301;proven_d_unknown_neg_std:0.19982630014419556;proven_d_unknown_neg_count:72;proven_pos_mean:0.7083333134651184;proven_pos_std:0.45452967286109924;proven_pos_count:24;proven_neg_mean:0.0416666679084301;proven_neg_std:0.19982630014419556;proven_neg_count:72
